"id","category","style","sku","productName","productDecription","brand","standardcolor","detailedcolor","size","swatch","mainImage","outfit","image2","status","LastExportedBy","LastExportedDate"
"2","Woman","asdas","asd","sdfsdf","<p>asdasd</p>
","asdsad","Blue","","6","","","","","","","2018-02-13 13:03:59"
"3","Man","rtye","34545","656","<p>dfgfdg</p>
","asdgfjh","Red","","test","","","","","","","2018-02-13 13:03:59"
"4","Man","ABCD-123","ABCD-123-RDS","pant","<p>asdasqwe</p>
","Rosetta Getty","Red","Bordeaux","L","","","","","","","2018-02-13 13:03:59"
